{
  "IcoMoonType": "selection",
  "icons": [
    {
      "icon": {
        "paths": [
          "M725.414 127.362c-20.907-20.907-54.613-20.907-75.52 0l-354.56 354.562c-16.64 16.64-16.64 43.52 0 60.16l354.56 354.56c20.907 20.907 54.613 20.907 75.52 0s20.907-54.613 0-75.52l-308.907-309.333 309.334-309.335c20.48-20.48 20.48-54.613-0.427-75.093z"
        ],
        "attrs": [
          {
            "opacity": 0.54
          }
        ],
        "isMulticolor": false,
        "isMulticolor2": false,
        "grid": 0,
        "tags": [
          "arrow_back_ios"
        ]
      },
      "attrs": [
        {
          "opacity": 0.54
        }
      ],
      "properties": {
        "order": 10,
        "id": 8,
        "name": "arrow_back_ios",
        "prevSize": 32
      },
      "setIdx": 0,
      "setId": 2,
      "iconIdx": 0
    },
    {
      "icon": {
        "paths": [
          "M298.567 896.644c20.907 20.907 54.613 20.907 75.52 0l354.561-354.56c16.64-16.64 16.64-43.52 0-60.16l-354.561-354.562c-20.907-20.907-54.613-20.907-75.52 0s-20.907 54.613 0 75.52l308.908 309.335-309.335 309.333c-20.48 20.48-20.48 54.613 0.427 75.093z"
        ],
        "attrs": [
          {
            "opacity": 0.54
          }
        ],
        "isMulticolor": false,
        "isMulticolor2": false,
        "grid": 0,
        "tags": [
          "arrow_forward_ios"
        ]
      },
      "attrs": [
        {
          "opacity": 0.54
        }
      ],
      "properties": {
        "order": 9,
        "id": 7,
        "name": "arrow_forward_ios",
        "prevSize": 32
      },
      "setIdx": 0,
      "setId": 2,
      "iconIdx": 1
    },
    {
      "icon": {
        "paths": [
          "M170.667 85.333h682.667c46.933 0 85.333 38.4 85.333 85.333v512c0 46.933-38.4 85.333-85.333 85.333h-597.333l-170.667 170.667 0.427-768c0-46.933 37.973-85.333 84.907-85.333zM725.333 384h-426.667c-23.467 0-42.667 19.2-42.667 42.667s19.2 42.667 42.667 42.667h426.667c23.467 0 42.667-19.2 42.667-42.667s-19.2-42.667-42.667-42.667zM554.667 597.333c23.467 0 42.667-19.2 42.667-42.667s-19.2-42.667-42.667-42.667h-256c-23.467 0-42.667 19.2-42.667 42.667s19.2 42.667 42.667 42.667h256zM298.667 341.333h426.667c23.467 0 42.667-19.2 42.667-42.667s-19.2-42.667-42.667-42.667h-426.667c-23.467 0-42.667 19.2-42.667 42.667s19.2 42.667 42.667 42.667z"
        ],
        "attrs": [
          {
            "opacity": 0.54
          }
        ],
        "isMulticolor": false,
        "isMulticolor2": false,
        "grid": 0,
        "tags": [
          "chat"
        ]
      },
      "attrs": [
        {
          "opacity": 0.54
        }
      ],
      "properties": {
        "order": 8,
        "id": 6,
        "name": "chat",
        "prevSize": 32
      },
      "setIdx": 0,
      "setId": 2,
      "iconIdx": 2
    },
    {
      "icon": {
        "paths": [
          "M346.67 384.001l165.548 165.546 165.547-165.546c16.64-16.64 43.52-16.64 60.16 0s16.64 43.519 0 60.159l-195.84 195.84c-16.64 16.64-43.52 16.64-60.16 0l-195.841-195.84c-7.989-7.97-12.479-18.793-12.479-30.079s4.49-22.109 12.479-30.080c16.64-16.213 43.947-16.64 60.587 0z"
        ],
        "attrs": [
          {
            "opacity": 0.54
          }
        ],
        "isMulticolor": false,
        "isMulticolor2": false,
        "grid": 0,
        "tags": [
          "keyboard_arrow_down"
        ]
      },
      "attrs": [
        {
          "opacity": 0.54
        }
      ],
      "properties": {
        "order": 7,
        "id": 5,
        "name": "keyboard_arrow_down",
        "prevSize": 32
      },
      "setIdx": 0,
      "setId": 2,
      "iconIdx": 3
    },
    {
      "icon": {
        "paths": [
          "M640 677.333l-165.547-165.547 165.547-165.548c16.64-16.64 16.64-43.52 0-60.16-7.97-7.989-18.795-12.479-30.080-12.479s-22.106 4.49-30.080 12.479l-195.839 195.842c-16.64 16.64-16.64 43.52 0 60.16l195.839 195.84c16.64 16.64 43.52 16.64 60.16 0 16.213-16.64 16.64-43.947 0-60.587z"
        ],
        "attrs": [
          {
            "opacity": 0.54
          }
        ],
        "isMulticolor": false,
        "isMulticolor2": false,
        "grid": 0,
        "tags": [
          "keyboard_arrow_left"
        ]
      },
      "attrs": [
        {
          "opacity": 0.54
        }
      ],
      "properties": {
        "order": 6,
        "id": 4,
        "name": "keyboard_arrow_left",
        "prevSize": 32
      },
      "setIdx": 0,
      "setId": 2,
      "iconIdx": 4
    },
    {
      "icon": {
        "paths": [
          "M384 677.333l165.546-165.547-165.546-165.548c-7.99-7.972-12.48-18.794-12.48-30.080s4.49-22.109 12.48-30.080c16.64-16.64 43.52-16.64 60.16 0l195.84 195.841c16.64 16.64 16.64 43.52 0 60.16l-195.84 195.84c-16.64 16.64-43.52 16.64-60.16 0-16.213-16.64-16.64-43.947 0-60.587z"
        ],
        "attrs": [
          {
            "opacity": 0.54
          }
        ],
        "isMulticolor": false,
        "isMulticolor2": false,
        "grid": 0,
        "tags": [
          "keyboard_arrow_right"
        ]
      },
      "attrs": [
        {
          "opacity": 0.54
        }
      ],
      "properties": {
        "order": 5,
        "id": 3,
        "name": "keyboard_arrow_right",
        "prevSize": 32
      },
      "setIdx": 0,
      "setId": 2,
      "iconIdx": 5
    },
    {
      "icon": {
        "paths": [
          "M346.671 640l165.547-165.547 165.547 165.547c16.64 16.64 43.52 16.64 60.16 0s16.64-43.52 0-60.16l-195.84-195.84c-7.97-7.99-18.795-12.48-30.080-12.48s-22.11 4.49-30.080 12.48l-195.84 195.84c-16.64 16.64-16.64 43.52 0 60.16 16.64 16.213 43.947 16.64 60.587 0z"
        ],
        "attrs": [
          {
            "opacity": 0.54
          }
        ],
        "isMulticolor": false,
        "isMulticolor2": false,
        "grid": 0,
        "tags": [
          "keyboard_arrow_up"
        ]
      },
      "attrs": [
        {
          "opacity": 0.54
        }
      ],
      "properties": {
        "order": 4,
        "id": 2,
        "name": "keyboard_arrow_up",
        "prevSize": 32
      },
      "setIdx": 0,
      "setId": 2,
      "iconIdx": 6
    },
    {
      "icon": {
        "paths": [
          "M853.333 85.333c46.933 0 85.333 38.4 85.333 85.333v512c0 46.933-38.4 85.333-85.333 85.333h-512c-46.933 0-85.333-38.4-85.333-85.333v-512c0-46.933 38.4-85.333 85.333-85.333h512zM128 256c23.467 0 42.667 19.2 42.667 42.667v512c0 23.467 19.2 42.667 42.667 42.667h512c23.467 0 42.667 19.2 42.667 42.667s-19.2 42.667-42.667 42.667h-554.667c-46.933 0-85.333-38.4-85.333-85.333v-554.667c0-23.467 19.2-42.667 42.667-42.667zM426.667 469.333h341.333c23.467 0 42.667-19.2 42.667-42.667s-19.2-42.667-42.667-42.667h-341.333c-23.467 0-42.667 19.2-42.667 42.667s19.2 42.667 42.667 42.667zM597.333 640c23.467 0 42.667-19.2 42.667-42.667s-19.2-42.667-42.667-42.667h-170.667c-23.467 0-42.667 19.2-42.667 42.667s19.2 42.667 42.667 42.667h170.667zM426.667 298.667h341.333c23.467 0 42.667-19.2 42.667-42.667s-19.2-42.667-42.667-42.667h-341.333c-23.467 0-42.667 19.2-42.667 42.667s19.2 42.667 42.667 42.667z"
        ],
        "attrs": [
          {
            "opacity": 0.54
          }
        ],
        "isMulticolor": false,
        "isMulticolor2": false,
        "grid": 0,
        "tags": [
          "library_books"
        ]
      },
      "attrs": [
        {
          "opacity": 0.54
        }
      ],
      "properties": {
        "order": 3,
        "id": 1,
        "name": "library_books",
        "prevSize": 32
      },
      "setIdx": 0,
      "setId": 2,
      "iconIdx": 7
    },
    {
      "icon": {
        "paths": [
          "M426.735 64c-23.468 0-42.668 19.2-42.668 42.667s19.2 42.667 42.668 42.667h170.667c23.467 0 42.667-19.2 42.667-42.667s-19.2-42.667-42.667-42.667h-170.667zM554.735 576v-170.667c0-23.467-19.2-42.667-42.667-42.667s-42.667 19.2-42.667 42.667v170.667c0 23.467 19.2 42.667 42.667 42.667s42.667-19.2 42.667-42.667zM812.015 336.64c52.48 65.707 84.053 148.907 84.053 239.36 0 212.053-171.52 384-384 384-215.895 0-389.548-177.493-384.001-394.24 5.12-204.8 179.2-373.76 384.001-373.76 90.453 0 173.653 31.573 239.787 84.48l32-32c16.64-16.213 43.093-16.64 59.733 0l0.427 0.427c16.64 16.64 16.213 43.52 0 59.733l-32 32zM213.4 576c0 165.12 133.547 298.667 298.668 298.667 165.12 0 298.667-133.547 298.667-298.667s-133.547-298.667-298.667-298.667c-165.121 0-298.668 133.547-298.668 298.667z"
        ],
        "attrs": [
          {
            "opacity": 0.54
          }
        ],
        "isMulticolor": false,
        "isMulticolor2": false,
        "grid": 0,
        "tags": [
          "timer"
        ]
      },
      "attrs": [
        {
          "opacity": 0.54
        }
      ],
      "properties": {
        "order": 2,
        "id": 0,
        "name": "timer",
        "prevSize": 32
      },
      "setIdx": 0,
      "setId": 2,
      "iconIdx": 8
    }
  ],
  "height": 1024,
  "preferences": {
    "showGlyphs": true,
    "showQuickUse": true,
    "showQuickUse2": true,
    "showSVGs": true,
    "fontPref": {
      "prefix": "icon-",
      "metadata": {
        "fontFamily": "icomoon"
      },
      "metrics": {
        "emSize": 1024,
        "baseline": 6.25,
        "whitespace": 50
      },
      "embed": false
    },
    "imagePref": {
      "prefix": "icon-",
      "png": false,
      "useClassSelector": true,
      "color": 0,
      "bgColor": 16777215,
      "classSelector": ".icon",
      "name": "icomoon",
      "height": 32,
      "columns": 16,
      "margin": 16
    },
    "historySize": 50,
    "showCodes": true,
    "gridSize": 16
  }
}